{"_wandb":{"runtime":0},"_runtime":0,"acc":0.7796067724917812,"loss":0.25801917027996524,"_timestamp":1.7726088053264003e+09,"_step":7}