{"_timestamp":1.7726086456235504e+09,"_step":7,"_runtime":0,"_wandb":{"runtime":0},"acc":0.9707636231724577,"loss":0.06232094986528551}